<?xml version="1.0"?>
<doc>
    <assembly>
        <name>SecureMFAWebAPIAWSConnect</name>
    </assembly>
    <members>
        <member name="M:AWSConnectJWT.GetUserId">
             <summary>
             The 'oid' (object id) is the only claim that should be used to uniquely identify
             a user in an Azure AD tenant. The token might have one or more of the following claim,
             that might seem like a unique identifier, but is not and should not be used as such:
            
             - upn (user principal name): might be unique amongst the active set of users in a tenant
             but tend to get reassigned to new employees as employees leave the organization and others
             take their place or might change to reflect a personal change like marriage.
            
             - email: might be unique amongst the active set of users in a tenant but tend to get reassigned
             to new employees as employees leave the organization and others take their place.
             </summary>
        </member>
        <member name="M:AWSConnectJWT.IsAppMakingRequest">
             <summary>
             Access tokens that have neither the 'scp' (for delegated permissions) nor
             'roles' (for application permissions) claim are not to be honored.
            
             An access token issued by Azure AD will have at least one of the two claims. Access tokens
             issued to a user will have the 'scp' claim. Access tokens issued to an application will have
             the roles claim. Access tokens that contain both claims are issued only to users, where the scp
             claim designates the delegated permissions, while the roles claim designates the user's role.
            
             To determine whether an access token was issued to a user (i.e delegated) or an application
             more easily, we recommend enabling the optional claim 'idtyp'. For more information, see:
             https://docs.microsoft.com/azure/active-directory/develop/access-tokens#user-and-application-tokens
             </summary>
        </member>
    </members>
</doc>
